,Gini-importance
atr,0.05293573811650276
vr,0.027970410883426666
gold_close_-6_r,0.02727692946791649
macdh,0.024503005668520927
volume,0.02427184395492077
boll_lb_-1_d,0.021497920155525208
macds,0.02080443874001503
kdjd,0.02080443874001503
kdjk,0.018955154344439507
dma,0.01803051307797432
sp500_volume,0.01779935322701931
sp500_close_-6_r,0.01756819151341915
news_title_score,0.016643550246953964
macd,0.015950068831443787
y10bond_close_-6_r,0.015950068831443787
cci,0.015950068831443787
high_low_diff_ratio,0.015718908980488777
y5bond_open,0.015718908980488777
news_des_score,0.015487748198211193
sp500_volume_delta,0.0150254275649786
y5bond_close_-6_r,0.0150254275649786
rsi_12,0.014794266782701015
gold_low,0.014331946149468422
wr_12,0.014100786298513412
sp500_open,0.014100786298513412
gold_volume_delta,0.013869625516235828
boll_ub_-1_d,0.013638464733958244
wr_6,0.013407304883003235
open_delta,0.01317614410072565
gold_high,0.01317614410072565
boll_-1_d,0.012944984249770641
y10bond_close,0.012944984249770641
gold_close,0.012713823467493057
gold_change,0.012713823467493057
high_low_diff,0.012713823467493057
gold_open,0.012482662685215473
close_-6_r,0.012482662685215473
gold_volume,0.011789181269705296
y5bond_change,0.010864540003240108
y10bond_high,0.010864540003240108
y10bond_high_low_diff,0.010633379220962524
kdjj,0.010171058587729931
boll_k_diff,0.010171058587729931
open,0.010171058587729931
y5bond_high_low_diff,0.009939898736774921
y10bond_open,0.009939898736774921
y10bond_change,0.009939898736774921
y5bond_close,0.009708737954497337
rsi_6,0.009708737954497337
volume_delta,0.009477577172219753
gold_open_close_diff,0.009246417321264744
y5bond_high_low_diff_ratio,0.00901525653898716
sp500_high,0.00901525653898716
sp500_high_low_diff_ratio,0.00901525653898716
y10bond_open_close_diff_ratio,0.00901525653898716
y10bond_high_low_diff_ratio,0.008784095756709576
low,0.008552935905754566
gold_high_low_diff_ratio,0.008552935905754566
gold_open_close_diff_ratio,0.008090615272521973
sp500_change,0.007859454490244389
gold_close_delta,0.007628294173628092
y10bond_low,0.007397133391350508
sp500_high_low_diff,0.007165973074734211
y5bond_open_close_diff,0.007165973074734211
y5bond_low,0.007165973074734211
y5bond_close_delta,0.006934812758117914
open_close_diff_ratio,0.006934812758117914
gold_high_low_diff,0.006472492124885321
y5bond_high,0.006472492124885321
sp500_low,0.006241331342607737
sp500_open_close_diff_ratio,0.00601017102599144
y10bond_open_close_diff,0.00601017102599144
sp500_close,0.00601017102599144
y5bond_open_close_diff_ratio,0.005779010709375143
high,0.005547850392758846
close_delta,0.005547850392758846
y10bond_close_delta,0.0050855292938649654
close,0.004854368977248669
adj close,0.004160887561738491
change,0.004160887561738491
sp500_close_delta,0.003467406379058957
open_close_diff,0.00300508551299572
sp500_open_close_diff,0.002773925196379423
y10bond_close_-1_r,0.0
gold_adj close,0.0
sp500_adj close,0.0
y5bond_adj close,0.0
close_-1_r,0.0
y10bond_adj close,0.0
gold_close_-1_r,0.0
sp500_close_-1_r,0.0
y5bond_close_-1_r,0.0
