,Gini-importance
atr,0.058917198330163956
vr,0.03841560333967209
macdh,0.032444268465042114
gold_close_-6_r,0.02925955504179001
macds,0.02667197398841381
sp500_close_-6_r,0.026074841618537903
news_title_score,0.02468152903020382
boll_lb_-1_d,0.023288216441869736
y10bond_close_-6_r,0.022890128195285797
boll_-1_d,0.02249203808605671
open_delta,0.021496815606951714
news_des_score,0.021098725497722626
y5bond_close_-6_r,0.0203025471419096
sp500_volume_delta,0.02010350301861763
dma,0.02010350301861763
high_low_diff_ratio,0.01970541477203369
macd,0.019307324662804604
sp500_high_low_diff,0.019108280539512634
boll_ub_-1_d,0.018710190430283546
high_low_diff,0.018511146306991577
close_-6_r,0.018312102183699608
volume_delta,0.018312102183699608
y10bond_high_low_diff_ratio,0.01811305806040764
sp500_high_low_diff_ratio,0.01811305806040764
kdjk,0.01811305806040764
gold_volume_delta,0.01791401207447052
cci,0.016719745472073555
kdjj,0.016520701348781586
gold_change,0.016520701348781586
kdjd,0.01572452299296856
wr_12,0.01572452299296856
y5bond_change,0.01572452299296856
gold_high_low_diff,0.015525477938354015
rsi_12,0.015326432883739471
y5bond_high_low_diff_ratio,0.014729299582540989
y10bond_high_low_diff,0.014729299582540989
y10bond_close_delta,0.014530254527926445
rsi_6,0.014331210404634476
gold_high_low_diff_ratio,0.013335986994206905
wr_6,0.012937897816300392
y5bond_high_low_diff,0.01234076451510191
y10bond_change,0.01234076451510191
open_close_diff_ratio,0.011544586159288883
sp500_change,0.01134554110467434
boll_k_diff,0.01134554110467434
y10bond_open_close_diff_ratio,0.01134554110467434
gold_open_close_diff,0.010549362748861313
sp500_open_close_diff_ratio,0.0101512735709548
close_delta,0.009355095215141773
gold_close_delta,0.009355095215141773
change,0.009355095215141773
y5bond_open_close_diff,0.00875796191394329
gold_open_close_diff_ratio,0.007961783558130264
open_close_diff,0.007762738969177008
y5bond_close_delta,0.006966560613363981
sp500_close_delta,0.006568471435457468
y5bond_open_close_diff_ratio,0.006568471435457468
sp500_open_close_diff,0.005971337668597698
y10bond_open_close_diff,0.005573248490691185
close_-1_r,0.0
gold_close_-1_r,0.0
y10bond_close_-1_r,0.0
sp500_close_-1_r,0.0
y5bond_close_-1_r,0.0
