,Gini-importance
gold_volume_delta,0.025168148800730705
y5bond_close_-6_r,0.024951182305812836
news_title_score,0.02386634796857834
sp500_volume_delta,0.02364938147366047
high_low_diff_ratio,0.02299848198890686
open_delta,0.021696681156754494
vr,0.021479712799191475
rsi_6,0.021479712799191475
sp500_close_-6_r,0.020611846819519997
boll_lb_-1_d,0.020611846819519997
sp500_high_low_diff,0.020394880324602127
volume_delta,0.01996094547212124
news_des_score,0.01996094547212124
kdjk,0.0195270124822855
close_-6_r,0.01887611113488674
y5bond_high_low_diff,0.018659144639968872
high_low_diff,0.017791278660297394
y10bond_close_-6_r,0.017574310302734375
sp500_volume,0.017574310302734375
sp500_change,0.016489477828145027
volume,0.01627250947058201
y10bond_high_low_diff,0.01627250947058201
gold_change,0.01605554297566414
open_close_diff,0.01583857648074627
gold_close_-6_r,0.0156216099858284
macdh,0.015187676064670086
gold_volume,0.015187676064670086
sp500_high_low_diff_ratio,0.015187676064670086
kdjj,0.014970709569752216
y10bond_high_low_diff_ratio,0.014102842658758163
cci,0.014102842658758163
kdjd,0.014102842658758163
boll_-1_d,0.014102842658758163
wr_6,0.01388587523251772
y10bond_change,0.01366890873759985
sp500_close_delta,0.01366890873759985
open_close_diff_ratio,0.013018008321523666
gold_open_close_diff_ratio,0.012367107905447483
change,0.012367107905447483
close_delta,0.012150141410529613
gold_high_low_diff_ratio,0.012150141410529613
gold_open_close_diff,0.012150141410529613
gold_close_delta,0.01149924099445343
atr,0.01149924099445343
y5bond_high_low_diff_ratio,0.011065307073295116
rsi_12,0.011065307073295116
gold_high_low_diff,0.010848340578377247
sp500_open_close_diff,0.010848340578377247
y5bond_open_close_diff,0.010848340578377247
boll_ub_-1_d,0.010414406657218933
dma,0.010197440162301064
y5bond_close_delta,0.010197440162301064
y5bond_open_close_diff_ratio,0.010197440162301064
macds,0.00976350624114275
gold_open,0.009329572319984436
y5bond_change,0.008895639330148697
wr_12,0.008678671903908253
macd,0.008678671903908253
sp500_open_close_diff_ratio,0.0078108049929142
boll_k_diff,0.0078108049929142
gold_low,0.007376871537417173
y10bond_close_delta,0.0071599045768380165
y10bond_open_close_diff_ratio,0.0071599045768380165
y10bond_open,0.00694293761625886
gold_high,0.006509004160761833
y10bond_low,0.006509004160761833
gold_close,0.006292037200182676
y10bond_close,0.005641136784106493
y10bond_open_close_diff,0.005424170289188623
sp500_open,0.00477326987311244
y5bond_open,0.004339335951954126
close,0.0039054024964571
y5bond_close,0.0039054024964571
y10bond_high,0.0032545020803809166
y5bond_low,0.0026036016643047333
open,0.0026036016643047333
high,0.002169667975977063
y5bond_high,0.001735734404064715
adj close,0.001735734404064715
sp500_high,0.001735734404064715
low,0.0015187676763162017
sp500_close,0.0008678672020323575
sp500_low,0.00043393360101617873
y10bond_close_-1_r,0.0
y10bond_adj close,0.0
sp500_adj close,0.0
gold_close_-1_r,0.0
close_-1_r,0.0
y5bond_adj close,0.0
gold_adj close,0.0
sp500_close_-1_r,0.0
y5bond_close_-1_r,0.0
