,Gini-importance
sp500_volume_delta,0.04390934854745865
sp500_close_-6_r,0.036827195435762405
high_low_diff,0.035410765558481216
gold_volume_delta,0.03116147220134735
news_title_score,0.029036827385425568
open_delta,0.028328612446784973
y5bond_close_-6_r,0.02620396576821804
y5bond_high_low_diff,0.02620396576821804
boll_-1_d,0.025495750829577446
sp500_high_low_diff,0.025495750829577446
rsi_6,0.023371104151010513
boll_lb_-1_d,0.023371104151010513
y10bond_close_-6_r,0.02266288921236992
volume_delta,0.021954674273729324
sp500_change,0.021954674273729324
close_-6_r,0.021954674273729324
y10bond_high_low_diff_ratio,0.021954674273729324
y10bond_high_low_diff,0.021954674273729324
vr,0.02124645933508873
open_close_diff,0.01983002759516239
atr,0.019121812656521797
cci,0.019121812656521797
wr_6,0.018413597717881203
rsi_12,0.018413597717881203
kdjk,0.018413597717881203
macds,0.018413597717881203
kdjd,0.018413597717881203
y5bond_open_close_diff_ratio,0.018413597717881203
gold_close_-6_r,0.017705382779240608
change,0.017705382779240608
news_des_score,0.016997167840600014
gold_change,0.01628895103931427
y5bond_change,0.015580736100673676
high_low_diff_ratio,0.015580736100673676
sp500_open_close_diff,0.015580736100673676
gold_high_low_diff_ratio,0.014872521162033081
y5bond_high_low_diff_ratio,0.013456090353429317
y5bond_open_close_diff,0.013456090353429317
macdh,0.012039660476148129
dma,0.012039660476148129
gold_close_delta,0.012039660476148129
close_delta,0.01133144460618496
sp500_close_delta,0.009915013797581196
open_close_diff_ratio,0.009206798858940601
y10bond_change,0.009206798858940601
sp500_high_low_diff_ratio,0.009206798858940601
gold_open_close_diff_ratio,0.009206798858940601
kdjj,0.008498583920300007
wr_12,0.008498583920300007
macd,0.007082153111696243
gold_open_close_diff,0.007082153111696243
y10bond_close_delta,0.007082153111696243
y5bond_close_delta,0.0063739377073943615
boll_k_diff,0.00566572230309248
sp500_open_close_diff_ratio,0.00566572230309248
boll_ub_-1_d,0.004957506898790598
y10bond_open_close_diff_ratio,0.004957506898790598
y10bond_open_close_diff,0.0035410765558481216
gold_high_low_diff,0.0021246459800750017
sp500_close_-1_r,0.0
y10bond_close_-1_r,0.0
close_-1_r,0.0
y5bond_close_-1_r,0.0
gold_close_-1_r,0.0
