,Gini-importance
atr,0.05809859186410904
vr,0.03661971911787987
macds,0.034859154373407364
volume,0.03309859335422516
y10bond_low,0.02992957830429077
sp500_open,0.02887323871254921
macdh,0.027816900983452797
macd,0.02570422552525997
dma,0.024295775219798088
gold_open,0.023943662643432617
boll_lb_-1_d,0.0211267601698637
y10bond_open,0.0211267601698637
gold_high,0.02077464759349823
sp500_close,0.02042253501713276
y10bond_high,0.019366197288036346
open,0.018661972135305405
close,0.017605634406208992
close_-6_r,0.01725352182984352
sp500_high,0.01690140925347805
gold_close,0.01690140925347805
gold_volume,0.01619718223810196
low,0.015492958016693592
y5bond_close,0.015140845440328121
boll_-1_d,0.014788731932640076
gold_close_-6_r,0.014788731932640076
volume_delta,0.014084506779909134
sp500_volume,0.013028169050812721
y5bond_close_-6_r,0.013028169050812721
kdjd,0.013028169050812721
y5bond_high,0.01267605647444725
gold_low,0.01232394389808178
adj close,0.011267605237662792
y5bond_open,0.011267605237662792
sp500_high_low_diff_ratio,0.010915492661297321
y5bond_low,0.01056338008493185
y10bond_close_-6_r,0.01056338008493185
high_low_diff_ratio,0.01056338008493185
sp500_close_-6_r,0.01021126750856638
y10bond_close,0.01021126750856638
close_delta,0.009859154932200909
boll_k_diff,0.009859154932200909
wr_12,0.009507042355835438
cci,0.009507042355835438
sp500_volume_delta,0.009507042355835438
high_low_diff,0.009507042355835438
sp500_low,0.009154929779469967
y5bond_high_low_diff,0.009154929779469967
open_close_diff,0.008450704626739025
boll_ub_-1_d,0.00809859111905098
rsi_12,0.007746479008346796
high,0.007746479008346796
news_title_score,0.007394365966320038
gold_change,0.007042253389954567
rsi_6,0.007042253389954567
gold_volume_delta,0.006690140813589096
open_delta,0.006690140813589096
sp500_high_low_diff,0.006338028237223625
y10bond_open_close_diff,0.005985915660858154
y10bond_high_low_diff,0.005633802618831396
wr_6,0.005633802618831396
y10bond_high_low_diff_ratio,0.005633802618831396
news_des_score,0.004929577466100454
kdjk,0.004929577466100454
gold_close_delta,0.0045774648897349834
y10bond_open_close_diff_ratio,0.0045774648897349834
gold_high_low_diff,0.0042253523133695126
kdjj,0.0042253523133695126
gold_open_close_diff_ratio,0.003873239504173398
gold_high_low_diff_ratio,0.003873239504173398
y5bond_change,0.003873239504173398
open_close_diff_ratio,0.003873239504173398
sp500_open_close_diff,0.0035211266949772835
y5bond_high_low_diff_ratio,0.0035211266949772835
y5bond_open_close_diff_ratio,0.0031690141186118126
change,0.0031690141186118126
sp500_open_close_diff_ratio,0.0031690141186118126
y10bond_change,0.002816901309415698
y5bond_open_close_diff,0.002816901309415698
sp500_close_delta,0.002816901309415698
y10bond_close_delta,0.0021126761566847563
y5bond_close_delta,0.0017605633474886417
sp500_change,0.001408450654707849
gold_open_close_diff,0.0010563380783423781
sp500_close_-1_r,0.0
gold_adj close,0.0
gold_close_-1_r,0.0
y10bond_adj close,0.0
sp500_adj close,0.0
close_-1_r,0.0
y10bond_close_-1_r,0.0
y5bond_close_-1_r,0.0
y5bond_adj close,0.0
