,Gini-importance
atr,0.08485003560781479
vr,0.05742117390036583
macds,0.04896180331707001
macdh,0.040502436459064484
macd,0.038708023726940155
dma,0.030248655006289482
close_-6_r,0.027172520756721497
y10bond_close_-6_r,0.02589079737663269
gold_close_-6_r,0.02563445270061493
boll_lb_-1_d,0.024609073996543884
y10bond_high_low_diff_ratio,0.022814663127064705
volume_delta,0.022558318451046944
y5bond_close_-6_r,0.02204562909901142
sp500_volume_delta,0.019482184201478958
sp500_close_-6_r,0.019225839525461197
high_low_diff_ratio,0.018713150173425674
boll_-1_d,0.018456805497407913
sp500_high_low_diff,0.018200460821390152
y5bond_high_low_diff,0.017175083979964256
open_delta,0.016662394627928734
y5bond_high_low_diff_ratio,0.01589336059987545
rsi_12,0.015380671247839928
cci,0.015124327503144741
kdjd,0.014611638151109219
kdjj,0.014355293475091457
rsi_6,0.014098948799073696
boll_ub_-1_d,0.013842604123055935
wr_6,0.013586260378360748
news_des_score,0.013329915702342987
news_title_score,0.013073571026325226
open_close_diff_ratio,0.013073571026325226
gold_high_low_diff,0.012817226350307465
sp500_high_low_diff_ratio,0.012560881674289703
boll_k_diff,0.012048192322254181
high_low_diff,0.012048192322254181
gold_volume_delta,0.011279159225523472
change,0.01102281454950571
y10bond_close_delta,0.01102281454950571
gold_change,0.01076646987348795
open_close_diff,0.010510125197470188
y10bond_change,0.010253781452775002
y10bond_high_low_diff,0.00999743677675724
y5bond_change,0.009741092100739479
y10bond_open_close_diff,0.009741092100739479
wr_12,0.008972058072686195
y5bond_close_delta,0.008715714327991009
sp500_change,0.007946680299937725
gold_high_low_diff_ratio,0.007946680299937725
kdjk,0.007690335623919964
sp500_open_close_diff,0.00743399141356349
close_delta,0.00743399141356349
sp500_close_delta,0.007177646737545729
gold_open_close_diff_ratio,0.006408613175153732
gold_open_close_diff,0.005895924288779497
sp500_open_close_diff_ratio,0.005895924288779497
gold_close_delta,0.005383234936743975
y10bond_open_close_diff_ratio,0.005126890726387501
y5bond_open_close_diff,0.004357857163995504
y5bond_open_close_diff_ratio,0.004101512487977743
y10bond_close_-1_r,0.0
sp500_close_-1_r,0.0
close_-1_r,0.0
gold_close_-1_r,0.0
y5bond_close_-1_r,0.0
