,Gini-importance
atr,0.03675062550505192
vr,0.023794046793535025
gold_close_-6_r,0.021700849793517992
macds,0.020024805018399653
boll_lb_-1_d,0.019918674242409087
macdh,0.019710181740192373
dma,0.019683165313813852
boll_-1_d,0.019095899585467535
macd,0.018819564971472247
kdjd,0.018419643183989143
sp500_volume_delta,0.01764501603407357
y5bond_close_-6_r,0.017632685879733163
boll_ub_-1_d,0.017487299427216593
high_low_diff,0.01748479791309482
high_low_diff_ratio,0.01743033620823502
boll_k_diff,0.0173177562841908
sp500_close_-6_r,0.017228633213312194
close_-6_r,0.01696058092744132
rsi_12,0.01691307509834786
volume_delta,0.016597677731119555
y10bond_close_-6_r,0.016341490503696175
y10bond_high_low_diff_ratio,0.016233673076735934
y10bond_high_low_diff,0.016071247227694846
news_title_score,0.015932876478715666
open_delta,0.015793809278226163
rsi_6,0.01572659083554487
news_des_score,0.015720957410234375
gold_volume_delta,0.01568085531513239
y5bond_high_low_diff_ratio,0.015660698628421565
cci,0.015461245615264806
kdjj,0.015288130771843229
gold_high_low_diff,0.015156547766070658
sp500_high_low_diff_ratio,0.015039712191623776
sp500_high_low_diff,0.01492439870268127
y5bond_high_low_diff,0.014890529451706594
wr_6,0.014759469287624971
kdjk,0.01475567359210702
wr_12,0.014407145094285128
gold_open_close_diff_ratio,0.014129191349422966
gold_high_low_diff_ratio,0.01396062021341593
gold_open_close_diff,0.013896217005269402
open_close_diff_ratio,0.01352779137974393
open_close_diff,0.013470062201843797
y10bond_open_close_diff_ratio,0.01321810171240192
gold_close_delta,0.013114820850690323
y5bond_close_-1_r,0.013039168095630067
gold_change,0.012890348253349932
y5bond_change,0.012875144027559602
close_delta,0.012826265294801322
y10bond_close_-1_r,0.012586036367299904
y10bond_close_delta,0.012575290893801874
sp500_close_delta,0.01256472083851377
sp500_open_close_diff_ratio,0.012543758153147221
gold_close_-1_r,0.012523704693379458
sp500_change,0.012471781985040661
change,0.012388970065231762
y5bond_close_delta,0.01238675733183725
y5bond_open_close_diff,0.012379946162082245
sp500_close_-1_r,0.012330071807914119
y5bond_open_close_diff_ratio,0.012329756233993574
close_-1_r,0.012287370938870836
sp500_open_close_diff,0.011895761837300596
y10bond_change,0.011884266702172065
y10bond_open_close_diff,0.011443709513062377
