,Gini-importance
atr,0.0603724193992379
macds,0.03836177208572811
dma,0.03234373506992682
macd,0.029953600622643198
vr,0.028465145926819983
macdh,0.02184545747013133
volume_delta,0.019380522041169163
high_low_diff,0.019048315895869455
close_-6_r,0.018789509291981147
gold_close_-6_r,0.018784432854932687
boll_-1_d,0.018368337326938742
sp500_close_-6_r,0.01764103071843215
boll_lb_-1_d,0.01762735639604716
sp500_high_low_diff,0.017234709582420918
y5bond_close_-6_r,0.017229995124329957
boll_k_diff,0.016763860177117965
y5bond_high_low_diff,0.01669503309427837
y10bond_close_-6_r,0.016663619657950157
rsi_12,0.01657588609646574
high_low_diff_ratio,0.0163931022773374
boll_ub_-1_d,0.016269717090585813
y10bond_high_low_diff_ratio,0.0160683534466789
kdjd,0.015799280871836054
news_title_score,0.015328291037000499
y5bond_high_low_diff_ratio,0.014905572246131538
kdjj,0.014708628041578504
cci,0.014642242927407111
open_delta,0.014452819486226029
kdjk,0.014311467645119398
sp500_volume_delta,0.01398734374640466
rsi_6,0.013933008344192895
sp500_high_low_diff_ratio,0.013865742081400206
gold_high_low_diff_ratio,0.013737335362435736
gold_high_low_diff,0.013292409032227986
news_des_score,0.013114709048444577
wr_12,0.012794211787282805
gold_volume_delta,0.012740863539627724
y10bond_high_low_diff,0.012533639311084055
wr_6,0.012306552258944815
open_close_diff_ratio,0.012190699541574451
open_close_diff,0.011750688986109608
gold_open_close_diff_ratio,0.011625481455871629
close_delta,0.011619443570604368
change,0.011592391999402655
sp500_close_delta,0.01153790947606006
gold_change,0.011475526528192465
sp500_open_close_diff,0.011395158317524056
gold_close_-1_r,0.011267561942109986
close_-1_r,0.01122146862536494
y5bond_change,0.0108683846227354
y5bond_open_close_diff_ratio,0.01086178179101083
y5bond_close_delta,0.010849021852054115
gold_open_close_diff,0.01082206215261089
gold_close_delta,0.0107782939371105
y5bond_open_close_diff,0.010738173696533125
sp500_open_close_diff_ratio,0.010676490225475689
y5bond_close_-1_r,0.010578569026188296
y10bond_close_-1_r,0.01054665819219772
y10bond_open_close_diff,0.010206317322513318
sp500_close_-1_r,0.010201985320649323
sp500_change,0.010018640749243506
y10bond_change,0.009961150212945967
y10bond_open_close_diff_ratio,0.009952511467963866
y10bond_close_delta,0.009933600573585553
