,Gini-importance
rsi_6,0.0316533801783016
y5bond_change,0.028045363212962682
y10bond_change,0.025811881617586695
gold_close_-6_r,0.024821560743673123
rsi_12,0.022398769058766702
boll_lb_-1_d,0.02174760453469127
sp500_open_close_diff,0.02172755689074401
y10bond_close_delta,0.021191640892991793
wr_6,0.020499059496650176
boll_-1_d,0.02044003910525208
vr,0.01998287791186817
sp500_change,0.019723089120993506
macdh,0.01924666841020785
y5bond_close_delta,0.019232005596341615
boll_k_diff,0.01922587957296431
y5bond_high_low_diff_ratio,0.01847325291633873
y5bond_high_low_diff,0.018360121381840424
kdjk,0.018350831446213096
close_-6_r,0.01808465035366115
wr_12,0.01782202667133343
news_des_score,0.017741544848694352
dma,0.017392314111495867
cci,0.01694826333420141
y10bond_high_low_diff,0.016789621412618284
y5bond_close_-1_r,0.016733799150700068
sp500_open_close_diff_ratio,0.016258022073857025
sp500_close_delta,0.016065873194212366
atr,0.0159086188662544
y5bond_open_close_diff,0.015764399715130488
news_title_score,0.01568259615649341
sp500_close_-6_r,0.015330103618601635
sp500_close_-1_r,0.015318409448987238
gold_change,0.014867940282970156
y10bond_close_-1_r,0.014792124829234726
kdjj,0.014709299758202647
gold_close_delta,0.014420996141114724
y5bond_close_-6_r,0.014289831572995624
sp500_volume_delta,0.014048796200573619
open_delta,0.013947068400912359
y10bond_open_close_diff,0.013816784709922711
y5bond_open_close_diff_ratio,0.013802718163817198
gold_open_close_diff,0.013744627571640846
high_low_diff,0.013589605544192545
high_low_diff_ratio,0.013577824615844537
gold_volume_delta,0.013478267820580508
boll_ub_-1_d,0.013303511165535737
y10bond_close_-6_r,0.01316322113147426
y10bond_high_low_diff_ratio,0.013140966052840507
volume_delta,0.012147124777256641
gold_open_close_diff_ratio,0.011924719848320383
macd,0.011661415285481504
close_delta,0.011602032217808048
close_-1_r,0.011474248262891593
gold_close_-1_r,0.011379805964469991
open_close_diff,0.011029352414709748
gold_high_low_diff_ratio,0.010285801671671216
macds,0.009867386618824244
y10bond_open_close_diff_ratio,0.009492507007868495
kdjd,0.009393975479678122
open_close_diff_ratio,0.00868447067198742
sp500_high_low_diff_ratio,0.008121742299955112
sp500_high_low_diff,0.006961288212591239
change,0.005330486752864269
gold_high_low_diff,0.005178233507140282
