,Gini-importance
atr,0.32770379714525627
macds,0.18903170832308094
dma,0.15185066688836482
vr,0.0699391509907264
y10bond_close_-6_r,0.05409632027644457
close_-6_r,0.03292150755877327
rsi_12,0.03154673041607182
macd,0.024816209865458433
cci,0.020388448605287105
sp500_open_close_diff_ratio,0.016972517455330398
macdh,0.0167492011098487
gold_close_-6_r,0.016421090618069286
kdjj,0.015874239273307188
y5bond_close_-6_r,0.009636320639664603
open_close_diff_ratio,0.008059229169525181
high_low_diff,0.007606881979986344
y5bond_open_close_diff_ratio,0.006385979684804717
y10bond_open_close_diff,0.0
gold_high_low_diff_ratio,0.0
gold_open_close_diff_ratio,0.0
gold_change,0.0
y5bond_close_-1_r,0.0
gold_close_delta,0.0
gold_volume_delta,0.0
gold_close_-1_r,0.0
y5bond_close_delta,0.0
y10bond_high_low_diff,0.0
y5bond_high_low_diff,0.0
y5bond_open_close_diff,0.0
y10bond_high_low_diff_ratio,0.0
y10bond_open_close_diff_ratio,0.0
y10bond_change,0.0
y10bond_close_delta,0.0
y5bond_change,0.0
gold_high_low_diff,0.0
y10bond_close_-1_r,0.0
y5bond_high_low_diff_ratio,0.0
gold_open_close_diff,0.0
change,0.0
sp500_close_-6_r,0.0
boll_ub_-1_d,0.0
close_delta,0.0
volume_delta,0.0
high_low_diff_ratio,0.0
close_-1_r,0.0
kdjk,0.0
kdjd,0.0
rsi_6,0.0
wr_6,0.0
wr_12,0.0
boll_-1_d,0.0
boll_lb_-1_d,0.0
sp500_close_-1_r,0.0
boll_k_diff,0.0
open_close_diff,0.0
news_title_score,0.0
news_des_score,0.0
sp500_high_low_diff,0.0
sp500_open_close_diff,0.0
open_delta,0.0
sp500_change,0.0
sp500_close_delta,0.0
sp500_volume_delta,0.0
sp500_high_low_diff_ratio,0.0
